{
  "project_info": {
    "project_number": "715934892538",
    "project_id": "my-application-5a695",
    "storage_bucket": "my-application-5a695.appspot.com"
  },
  "client": [
    {
      "client_info": {
        "mobilesdk_app_id": "1:715934892538:android:82422e778cdec3657c2443",
        "android_client_info": {
          "package_name": "com.example.myapplication"
        }
      },
      "oauth_client": [
        {
          "client_id": "715934892538-a2udosok46dv8ds18hgv35pi0uctvf0q.apps.googleusercontent.com",
          "client_type": 3
        }
      ],
      "api_key": [
        {
          "current_key": "AIzaSyClWp-PDIOC6fng8vnzcyhbscwbvejGhEs"
        }
      ],
      "services": {
        "appinvite_service": {
          "other_platform_oauth_client": [
            {
              "client_id": "715934892538-a2udosok46dv8ds18hgv35pi0uctvf0q.apps.googleusercontent.com",
              "client_type": 3
            }
          ]
        }
      }
    }
  ],
  "configuration_version": "1"
}